filename,label
audio_128.wav,3.255
audio_156.wav,3.785
audio_19.wav,3.875
audio_108.wav,2.885
audio_206.wav,3.005
audio_161.wav,3.345
audio_215.wav,3.53
audio_213.wav,3.4
audio_11.wav,3.55
audio_155.wav,3.495
audio_39.wav,3.745
audio_168.wav,3.225
audio_133.wav,3.335
audio_28.wav,3.825
audio_40.wav,3.57
audio_181.wav,3.13
audio_201.wav,3.235
audio_182.wav,3.095
audio_126.wav,3.63
audio_10.wav,3.09
audio_134.wav,2.865
audio_69.wav,4.045
audio_112.wav,2.82
audio_180.wav,4.315
audio_177.wav,3.045
audio_77.wav,2.79
audio_111.wav,3.185
audio_18.wav,3.21
audio_175.wav,3.195
audio_33.wav,4.2
audio_15.wav,3.215
audio_4.wav,3.365
audio_27.wav,3.485
audio_96.wav,3.895
audio_116.wav,2.775
audio_1.wav,2.855
audio_22.wav,3.66
audio_114.wav,2.895
audio_146.wav,2.595
audio_46.wav,3.9
audio_144.wav,2.655
audio_75.wav,3.18
audio_200.wav,3.4
audio_196.wav,2.82
audio_190.wav,3.29
audio_158.wav,2.945
audio_17.wav,3.13
audio_105.wav,3.115
audio_141.wav,3.195
audio_129.wav,3.63
audio_6.wav,4.14
audio_70.wav,3.48
audio_35.wav,3.63
audio_203.wav,2.85
audio_90.wav,3.795
audio_16.wav,3.03
audio_138.wav,2.98
audio_100.wav,3.3
audio_115.wav,3.09
audio_118.wav,3.72
audio_137.wav,2.81
audio_101.wav,3.96
audio_193.wav,3.35
audio_102.wav,3.34
audio_52.wav,3.15
audio_172.wav,3.495
audio_191.wav,3.715
audio_194.wav,3.085
audio_67.wav,2.765
audio_160.wav,3.215
audio_179.wav,2.63
audio_55.wav,3.54
audio_145.wav,2.68
audio_197.wav,3.415
audio_139.wav,3.625
audio_91.wav,3.46
audio_8.wav,3.1
audio_136.wav,3.425
audio_199.wav,3.28
audio_110.wav,3.595
audio_208.wav,3.905
audio_152.wav,3.405
audio_94.wav,3.34
audio_174.wav,3.13
audio_23.wav,3.505
audio_56.wav,3.405
audio_97.wav,3.63
audio_148.wav,3.155
audio_59.wav,4.23
audio_5.wav,3.04
audio_119.wav,3.395
audio_80.wav,4.095
audio_58.wav,3.33
audio_123.wav,3.35
audio_188.wav,3.705
audio_121.wav,3.57
audio_107.wav,3.35
audio_214.wav,3.14
audio_73.wav,3.075
audio_169.wav,3.32
audio_7.wav,3.565
audio_42.wav,3.175
audio_88.wav,3.18
audio_64.wav,3.335
audio_195.wav,4.055
audio_57.wav,3.295
audio_13.wav,3.04
audio_125.wav,3.065
audio_209.wav,2.995
audio_211.wav,3.55
audio_63.wav,2.76
audio_86.wav,3.42
audio_78.wav,3.02
audio_38.wav,2.96
audio_186.wav,3.605
audio_154.wav,3.245
audio_21.wav,3.215
audio_120.wav,3.45
audio_183.wav,2.845
audio_25.wav,2.85
audio_122.wav,3.59
audio_36.wav,3.785
audio_76.wav,2.845
audio_163.wav,2.975
audio_83.wav,3.13
audio_103.wav,3.81
audio_93.wav,3.84
audio_26.wav,3.455
audio_72.wav,3.52
audio_210.wav,3.505
audio_104.wav,2.8
audio_81.wav,4.005
audio_166.wav,3.06
audio_202.wav,2.595
audio_185.wav,3.475
audio_9.wav,3.515
audio_207.wav,3.985
audio_127.wav,3.215
audio_12.wav,3.715
audio_132.wav,3.645
audio_109.wav,3.315
audio_32.wav,4.19
audio_178.wav,3.805
audio_61.wav,4.04
audio_34.wav,3.76
audio_106.wav,2.925
audio_49.wav,3.75
audio_149.wav,3.145
audio_30.wav,4.2
audio_131.wav,2.98
audio_162.wav,3.525
audio_204.wav,3.205
audio_198.wav,2.99
audio_135.wav,3.525
audio_187.wav,2.79
audio_3.wav,3.235
audio_98.wav,3.34
audio_159.wav,3.13
audio_167.wav,3.22
audio_205.wav,3.545
audio_95.wav,2.88
audio_68.wav,4.15
audio_31.wav,3.435
audio_157.wav,3.635
audio_89.wav,3.105
audio_82.wav,3.285
audio_53.wav,2.895
audio_37.wav,3.415
audio_113.wav,3.845
audio_85.wav,3.615
audio_173.wav,3.49
audio_41.wav,3.71
audio_51.wav,3.08
audio_143.wav,2.985
audio_92.wav,3.445
audio_74.wav,2.98
audio_0.wav,3.48
audio_147.wav,3.795
audio_130.wav,2.72
audio_192.wav,3.37
audio_43.wav,3.95
audio_65.wav,3.555
audio_14.wav,2.77
audio_117.wav,2.635
audio_212.wav,3.435
audio_79.wav,4.04
audio_171.wav,3.13
audio_60.wav,4.19
audio_153.wav,3.89
audio_176.wav,3.06
audio_2.wav,3.405
audio_50.wav,3.69
audio_29.wav,3.5
audio_142.wav,3.39
audio_47.wav,3.265
audio_84.wav,3.195
audio_164.wav,3.03
audio_48.wav,3.345
audio_189.wav,3.78
audio_151.wav,3.7
audio_66.wav,3.395
audio_44.wav,3.205
audio_150.wav,3.335
audio_87.wav,3.285
audio_99.wav,3.335
audio_62.wav,2.92
audio_20.wav,3.6
audio_124.wav,3.07
audio_54.wav,3.635
audio_45.wav,3.965
audio_71.wav,4.145
audio_184.wav,3.64
audio_24.wav,2.97
audio_140.wav,3.955
audio_165.wav,3.05
audio_170.wav,2.66
